psalm,3,2024-02-17
ridge,4,2024-02-18
price,2,2024-02-19
match,5,2024-02-20
build,4,2024-02-21
heavy,4,2024-02-22
smith,4,2024-02-25
often,4,2024-02-26
devil,3,2024-02-28
image,4,2024-02-29
urban,4,2024-03-02
flame,5,2024-03-04
teary,3,2024-03-06
early,4,2024-03-08
cheer,5,2024-03-09
pesky,3,2024-03-11
heave,3,2024-03-12
since,2,2024-03-14
toxin,4,2024-03-16
spelt,2,2024-03-18
abide,3,2024-03-19
lingo,5,2024-03-20
decay,3,2024-03-22
stung,4,2024-03-27
speak,4,2024-03-28
force,2,2024-03-30
taboo,4,2024-03-31
serum,3,2024-04-02
plait,3,2024-04-03
climb,4,2024-04-04
merge,4,2024-04-09
cover,6,2024-06-18
cover,3,18.06.24,aaaaa,caacc,ccccc,,,
eject,2,20.06.2024,paapp,aacpc,,,,
taunt,2,21.06.2024,acapa,acacc,,,,
miner,4,05.10.2024,aaapa,acccc,acccc,ccccc,,
miner,4,05.10.2024,aaapa,acccc,acccc,ccccc,,
carve,3,10.10.2024,aapac,acaac,ccccc,,,
carve,3,10.10.2024,aapac,acaac,ccccc,,,
dicey,3,20.10.2024,paaap,apapa,ccccc,,,
dicey,3,20.10.2024,paaap,apapa,ccccc,,,
stoic,3,11.11.2024,paaaa,cccpa,ccccc,,,
stoic,3,11.11.2024,paaaa,cccpa,ccccc,,,
tally,3,17.11.2024,apppa,acpap,ccccc,,,
tally,3,17.11.2024,apppa,acpap,ccccc,,,
